store,item,current_stock,avg_daily_predicted_demand,days_of_stock_left,stockout_risk,reorder_qty,overstock_flag
5,39,141,27.7,5.1,True,139,False
9,23,132,25.9,5.1,True,127,False
5,27,75,14.0,5.4,True,66,False
3,36,393,72.6,5.4,True,340,False
6,20,169,31.2,5.4,True,145,False
2,2,325,59.8,5.4,True,275,False
6,9,205,37.0,5.5,True,166,False
8,45,423,75.8,5.6,True,342,False
9,35,333,59.7,5.6,True,269,False
6,21,147,26.1,5.6,True,116,False
5,5,65,11.5,5.6,True,51,False
2,35,375,66.3,5.7,True,291,False
3,50,340,59.8,5.7,True,266,False
9,22,392,68.7,5.7,True,305,False
4,14,291,50.7,5.7,True,219,False
9,24,337,58.3,5.8,True,251,False
2,19,239,41.2,5.8,True,174,False
10,1,112,19.1,5.9,True,82,False
9,49,148,25.1,5.9,True,103,False
9,15,426,72.2,5.9,True,297,False
4,26,239,40.2,5.9,True,163,False
3,40,175,28.9,6.0,True,115,False
10,35,351,58.0,6.1,True,231,False
6,42,135,22.2,6.1,True,89,False
6,31,206,33.8,6.1,True,132,False
9,29,383,62.8,6.1,True,249,False
1,28,381,62.3,6.1,True,251,False
1,5,88,14.3,6.2,True,57,False
1,18,389,62.6,6.2,True,248,False
6,23,114,18.3,6.2,True,71,False
3,25,450,72.1,6.2,True,274,False
2,25,519,82.1,6.3,True,315,False
7,50,239,37.7,6.3,True,140,False
3,23,181,28.5,6.3,True,106,False
5,30,169,26.2,6.4,True,97,False
6,40,126,19.4,6.5,True,70,False
6,37,116,17.8,6.5,True,61,False
6,44,121,18.3,6.6,True,63,False
10,23,196,29.6,6.6,True,102,False
4,5,109,16.4,6.6,True,56,False
7,39,156,23.5,6.6,True,79,False
10,5,115,17.3,6.7,True,58,False
9,9,303,45.4,6.7,True,155,False
5,9,222,33.3,6.7,True,112,False
5,40,115,17.2,6.7,True,58,False
2,49,213,31.7,6.7,True,107,False
7,37,109,16.2,6.7,True,52,False
3,9,328,48.5,6.8,True,161,False
8,14,394,58.1,6.8,True,189,False
6,8,330,48.6,6.8,True,162,False
3,29,448,65.8,6.8,True,216,False
4,3,238,34.9,6.8,True,113,False
1,9,261,38.1,6.8,True,120,False
2,36,535,78.1,6.9,True,258,False
2,48,354,51.6,6.9,True,163,False
4,38,464,67.6,6.9,True,222,False
9,13,484,70.5,6.9,True,224,False
7,41,85,12.3,6.9,True,39,False
9,37,185,26.7,6.9,True,86,False
4,11,441,63.3,7.0,True,202,False
8,39,321,46.0,7.0,True,144,False
8,42,259,37.0,7.0,False,113,False
7,10,295,42.0,7.0,False,128,False
6,16,119,16.8,7.1,False,50,False
2,9,383,53.9,7.1,False,158,False
8,12,483,67.7,7.1,False,200,False
10,24,443,61.8,7.2,False,184,False
5,7,259,36.1,7.2,False,105,False
4,43,318,44.1,7.2,False,130,False
5,18,392,54.1,7.2,False,154,False
5,31,269,36.8,7.3,False,101,False
7,35,281,38.4,7.3,False,105,False
9,17,207,28.1,7.4,False,78,False
9,4,134,18.1,7.4,False,50,False
2,10,543,73.4,7.4,False,191,False
2,41,168,22.7,7.4,False,60,False
1,50,358,48.3,7.4,False,129,False
6,19,182,24.6,7.4,False,64,False
9,42,230,31.0,7.4,False,80,False
6,11,322,43.4,7.4,False,111,False
10,12,484,65.1,7.4,False,174,False
1,26,293,39.3,7.5,False,106,False
4,25,531,71.1,7.5,False,188,False
10,19,268,35.9,7.5,False,90,False
8,13,592,79.1,7.5,False,203,False
2,39,339,45.1,7.5,False,114,False
5,17,147,19.5,7.5,False,52,False
6,32,212,28.0,7.6,False,70,False
1,29,398,52.5,7.6,False,130,False
6,14,272,35.8,7.6,False,87,False
8,2,473,62.2,7.6,False,163,False
7,2,240,31.5,7.6,False,76,False
3,28,583,76.4,7.6,False,187,False
6,18,399,52.1,7.7,False,123,False
8,25,606,78.5,7.7,False,188,False
4,45,515,66.6,7.7,False,154,False
9,19,297,37.8,7.8,False,85,False
6,22,380,48.4,7.9,False,106,False
10,4,158,20.1,7.9,False,46,False
8,26,369,46.8,7.9,False,99,False
3,31,423,53.5,7.9,False,116,False
1,16,167,20.9,8.0,False,46,False
1,37,152,18.9,8.1,False,35,False
2,1,179,22.1,8.1,False,44,False
1,36,469,57.8,8.1,False,114,False
7,32,210,25.9,8.1,False,53,False
4,46,415,50.8,8.2,False,101,False
9,36,546,66.4,8.2,False,124,False
5,4,104,12.6,8.2,False,25,False
3,15,646,78.3,8.2,False,144,False
4,49,203,24.5,8.3,False,44,False
3,12,544,64.8,8.4,False,113,False
5,13,424,50.4,8.4,False,81,False
2,34,221,26.2,8.4,False,42,False
9,44,205,24.3,8.5,False,39,False
1,39,280,32.8,8.5,False,47,False
4,42,271,31.6,8.6,False,46,False
6,34,142,16.4,8.7,False,23,False
10,6,457,52.3,8.7,False,70,False
10,32,334,38.2,8.8,False,49,False
9,27,171,19.5,8.8,False,26,False
5,6,307,35.0,8.8,False,43,False
4,13,647,73.6,8.8,False,102,False
6,33,390,44.2,8.8,False,56,False
4,21,326,36.8,8.9,False,40,False
7,48,267,30.1,8.9,False,35,False
2,21,371,41.1,9.0,False,42,False
7,30,213,23.6,9.0,False,25,False
7,13,439,47.8,9.2,False,40,False
5,43,286,31.1,9.2,False,27,False
2,26,487,52.9,9.2,False,46,False
10,38,667,71.7,9.3,False,63,False
7,9,260,27.9,9.3,False,18,False
2,27,227,24.3,9.4,False,17,False
9,16,202,21.6,9.4,False,17,False
10,49,268,28.6,9.4,False,22,False
9,7,495,52.8,9.4,False,41,False
5,25,471,50.2,9.4,False,32,False
8,48,500,53.0,9.4,False,37,False
1,48,371,39.1,9.5,False,24,False
10,25,688,72.1,9.5,False,38,False
10,26,411,43.1,9.5,False,22,False
3,27,211,22.1,9.6,False,11,False
2,24,624,65.1,9.6,False,33,False
4,7,485,50.5,9.6,False,27,False
9,45,654,67.9,9.6,False,34,False
6,13,518,53.8,9.6,False,25,False
4,19,358,37.1,9.6,False,16,False
9,1,180,18.6,9.7,False,7,False
3,46,535,55.3,9.7,False,24,False
4,50,540,55.8,9.7,False,23,False
10,44,264,27.2,9.7,False,10,False
4,23,230,23.6,9.7,False,4,False
3,8,667,68.2,9.8,False,23,False
7,19,222,22.6,9.8,False,5,False
6,27,137,14.0,9.8,False,3,False
3,34,249,25.2,9.9,False,3,False
6,5,106,10.7,9.9,False,2,False
8,19,421,42.4,9.9,False,7,False
10,34,226,22.7,9.9,False,2,False
8,24,674,67.7,10.0,False,11,False
1,44,227,22.8,10.0,False,3,False
4,34,233,23.3,10.0,False,0,False
6,17,208,20.8,10.0,False,2,False
4,40,245,24.4,10.0,False,0,False
8,22,761,75.7,10.1,False,0,False
5,21,240,23.6,10.2,False,0,False
7,7,379,37.1,10.2,False,0,False
3,3,332,32.3,10.3,False,0,False
1,34,218,21.2,10.3,False,0,False
3,13,800,77.2,10.4,False,0,False
7,16,150,14.5,10.4,False,0,False
6,38,527,50.6,10.4,False,0,False
1,33,546,51.8,10.5,False,0,False
10,14,547,51.7,10.6,False,0,False
2,45,879,83.0,10.6,False,0,False
8,23,332,31.4,10.6,False,0,False
1,22,625,58.9,10.6,False,0,False
3,24,741,69.7,10.6,False,0,False
6,4,125,11.7,10.6,False,0,False
3,47,218,20.5,10.6,False,0,False
2,18,872,81.9,10.6,False,0,False
7,17,210,19.6,10.7,False,0,False
2,47,256,23.5,10.9,False,0,False
4,37,275,25.2,10.9,False,0,False
1,11,558,50.7,11.0,False,0,False
6,26,330,30.0,11.0,False,0,False
7,14,377,34.2,11.0,False,0,False
4,16,232,21.0,11.0,False,0,False
7,15,535,48.4,11.1,False,0,False
5,49,189,17.1,11.1,False,0,False
1,47,172,15.5,11.1,False,0,False
8,35,726,65.2,11.1,False,0,False
7,23,157,14.1,11.1,False,0,False
3,49,327,29.1,11.2,False,0,False
2,32,554,49.3,11.2,False,0,False
5,48,389,34.5,11.3,False,0,False
10,21,425,37.4,11.4,False,0,False
8,34,344,30.2,11.4,False,0,False
5,32,323,28.3,11.4,False,0,False
4,27,219,19.2,11.4,False,0,False
8,49,353,30.8,11.4,False,0,False
10,36,807,70.0,11.5,False,0,False
7,12,479,41.6,11.5,False,0,False
1,2,536,46.3,11.6,False,0,False
6,36,551,47.6,11.6,False,0,False
5,20,340,29.4,11.6,False,0,False
8,29,802,69.2,11.6,False,0,False
1,41,199,17.1,11.6,False,0,False
10,31,621,53.4,11.6,False,0,False
10,30,417,35.7,11.7,False,0,False
1,10,671,57.1,11.8,False,0,False
3,19,423,36.0,11.8,False,0,False
2,44,351,29.7,11.8,False,0,False
5,37,209,17.6,11.9,False,0,False
2,40,389,32.7,11.9,False,0,False
6,3,290,24.2,12.0,False,0,False
3,41,251,20.9,12.0,False,0,False
2,43,664,55.1,12.1,False,0,False
7,22,584,48.4,12.1,False,0,False
1,27,202,16.7,12.1,False,0,False
8,5,241,19.9,12.1,False,0,False
3,11,802,66.1,12.1,False,0,False
7,6,404,33.3,12.1,False,0,False
5,50,478,39.4,12.1,False,0,False
8,16,291,23.9,12.2,False,0,False
2,22,984,80.7,12.2,False,0,False
10,27,258,21.1,12.2,False,0,False
10,37,348,28.4,12.3,False,0,False
8,50,772,62.9,12.3,False,0,False
2,20,575,46.8,12.3,False,0,False
2,7,752,60.9,12.3,False,0,False
1,15,794,64.1,12.4,False,0,False
5,44,225,18.2,12.4,False,0,False
8,46,736,59.3,12.4,False,0,False
1,35,609,49.0,12.4,False,0,False
3,7,674,54.1,12.5,False,0,False
8,9,670,53.5,12.5,False,0,False
2,12,911,72.3,12.6,False,0,False
1,38,758,60.1,12.6,False,0,False
5,10,586,46.4,12.6,False,0,False
3,42,439,34.7,12.7,False,0,False
6,28,698,54.8,12.7,False,0,False
3,45,950,74.5,12.7,False,0,False
7,11,511,40.0,12.8,False,0,False
8,3,505,39.3,12.8,False,0,False
5,3,304,23.6,12.9,False,0,False
10,8,862,66.9,12.9,False,0,False
7,28,640,49.5,12.9,False,0,False
10,47,233,18.0,12.9,False,0,False
5,28,764,58.8,13.0,False,0,False
3,38,954,73.4,13.0,False,0,False
9,38,889,68.1,13.1,False,0,False
2,38,1054,80.6,13.1,False,0,False
8,28,1061,81.1,13.1,False,0,False
5,22,646,49.3,13.1,False,0,False
7,4,153,11.6,13.1,False,0,False
4,33,779,59.3,13.1,False,0,False
7,24,524,39.8,13.2,False,0,False
4,4,288,21.9,13.2,False,0,False
4,22,916,69.5,13.2,False,0,False
10,46,729,55.3,13.2,False,0,False
8,6,788,59.7,13.2,False,0,False
10,22,956,72.2,13.2,False,0,False
1,17,334,25.2,13.3,False,0,False
3,48,655,49.2,13.3,False,0,False
8,4,273,20.4,13.4,False,0,False
3,26,574,42.8,13.4,False,0,False
3,44,369,27.5,13.4,False,0,False
10,20,575,42.7,13.5,False,0,False
10,50,814,60.3,13.5,False,0,False
3,14,773,56.8,13.6,False,0,False
8,41,335,24.5,13.7,False,0,False
3,21,529,38.7,13.7,False,0,False
6,35,569,41.4,13.7,False,0,False
4,47,292,21.1,13.8,False,0,False
2,29,1004,72.5,13.9,False,0,False
2,16,333,24.0,13.9,False,0,False
3,30,553,39.7,13.9,False,0,False
8,31,836,60.0,13.9,False,0,False
5,12,587,42.1,13.9,False,0,False
10,33,885,63.2,14.0,False,0,False
7,3,287,20.5,14.0,False,0,False
3,35,890,63.4,14.0,False,0,False
10,40,387,27.3,14.2,False,0,False
7,44,248,17.5,14.2,False,0,False
4,15,1063,74.9,14.2,False,0,False
6,10,661,46.4,14.2,False,0,False
3,33,942,66.1,14.2,False,0,False
8,1,322,22.6,14.3,False,0,False
7,29,617,43.2,14.3,False,0,False
6,39,371,25.9,14.3,False,0,False
8,43,726,50.7,14.3,False,0,False
10,11,943,65.6,14.4,False,0,False
1,40,330,22.9,14.4,False,0,False
7,8,657,45.6,14.4,False,0,False
9,25,1018,70.4,14.5,False,0,False
5,34,220,15.2,14.5,False,0,False
2,13,1226,84.7,14.5,False,0,False
2,17,488,33.6,14.5,False,0,False
5,47,209,14.4,14.5,False,0,False
5,45,723,49.8,14.5,False,0,False
6,50,624,42.7,14.6,False,0,False
10,29,953,65.2,14.6,False,0,False
10,17,461,31.4,14.7,False,0,False
6,24,585,39.9,14.7,False,0,False
9,50,823,56.1,14.7,False,0,False
10,39,574,39.0,14.7,False,0,False
10,15,1150,77.8,14.8,False,0,False
7,33,628,42.5,14.8,False,0,False
7,36,648,43.7,14.8,False,0,False
5,29,628,42.3,14.8,False,0,False
1,20,549,36.9,14.9,False,0,False
2,46,917,60.8,15.1,False,0,False
5,8,739,48.8,15.2,False,0,False
2,42,638,42.0,15.2,False,0,False
3,20,679,44.6,15.2,False,0,False
9,12,906,59.5,15.2,False,0,False
1,4,245,16.1,15.2,False,0,False
8,44,468,30.7,15.3,False,0,False
8,10,1047,68.3,15.3,False,0,False
3,22,1121,73.2,15.3,False,0,False
10,10,998,65.1,15.3,False,0,False
2,8,1156,75.2,15.4,False,0,False
10,42,510,33.2,15.4,False,0,False
7,49,241,15.7,15.4,False,0,False
9,21,521,33.9,15.4,False,0,False
10,48,711,46.2,15.4,False,0,False
10,28,1189,77.1,15.4,False,0,False
9,11,971,62.9,15.4,False,0,False
4,36,1048,67.9,15.4,False,0,False
5,11,684,44.2,15.5,False,0,False
8,15,1348,86.9,15.5,False,0,False
10,16,360,23.2,15.5,False,0,False
9,48,660,42.5,15.5,False,0,False
5,14,650,41.8,15.6,False,0,False
2,31,953,61.2,15.6,False,0,False
10,43,746,47.9,15.6,False,0,False
6,25,797,51.1,15.6,False,0,False
2,4,368,23.6,15.6,False,0,False
9,40,383,24.5,15.6,False,0,False
4,6,776,49.3,15.7,False,0,False
2,15,1392,88.2,15.8,False,0,False
2,11,1151,72.9,15.8,False,0,False
7,31,560,35.4,15.8,False,0,False
9,39,618,39.0,15.8,False,0,False
9,43,752,47.5,15.8,False,0,False
1,43,587,37.0,15.9,False,0,False
7,18,786,49.5,15.9,False,0,False
1,13,954,60.0,15.9,False,0,False
1,49,358,22.4,16.0,False,0,False
3,2,884,55.2,16.0,False,0,False
6,1,200,12.5,16.0,False,0,False
10,3,521,32.5,16.1,False,0,False
1,1,277,17.2,16.1,False,0,False
6,41,232,14.4,16.1,False,0,False
8,18,1288,80.0,16.1,False,0,False
4,8,1038,64.0,16.2,False,0,False
5,15,935,57.6,16.2,False,0,False
2,28,1412,87.0,16.2,False,0,False
1,30,464,28.6,16.2,False,0,False
1,7,731,45.0,16.2,False,0,False
3,16,433,26.6,16.3,False,0,False
8,37,498,30.5,16.4,False,0,False
7,26,426,26.0,16.4,False,0,False
9,33,954,58.0,16.5,False,0,False
4,30,585,35.5,16.5,False,0,False
8,21,722,43.8,16.5,False,0,False
5,16,258,15.6,16.5,False,0,False
7,1,216,13.1,16.5,False,0,False
3,18,1266,76.6,16.5,False,0,False
9,32,645,39.0,16.5,False,0,False
2,37,495,29.9,16.6,False,0,False
3,17,518,31.2,16.6,False,0,False
5,23,280,16.8,16.7,False,0,False
4,9,748,44.8,16.7,False,0,False
5,1,249,14.9,16.7,False,0,False
7,43,521,31.1,16.8,False,0,False
9,46,829,49.5,16.8,False,0,False
7,34,258,15.4,16.8,False,0,False
6,7,644,38.3,16.8,False,0,False
2,5,321,19.1,16.8,False,0,False
2,30,710,42.0,16.9,False,0,False
8,17,568,33.5,17.0,False,0,False
3,39,723,42.5,17.0,False,0,False
6,49,299,17.6,17.0,False,0,False
7,45,786,46.2,17.0,False,0,False
7,27,200,11.7,17.0,False,0,False
8,30,626,36.7,17.0,False,0,False
8,7,1018,59.7,17.1,False,0,False
3,6,892,52.3,17.1,False,0,False
4,39,650,38.1,17.1,False,0,False
6,6,597,34.9,17.1,False,0,False
4,18,1255,73.4,17.1,False,0,False
10,41,331,19.3,17.1,False,0,False
1,46,761,44.2,17.2,False,0,False
2,14,1049,60.6,17.3,False,0,False
5,38,908,52.4,17.3,False,0,False
10,9,791,45.6,17.3,False,0,False
6,12,785,45.2,17.4,False,0,False
1,31,718,41.3,17.4,False,0,False
9,30,614,35.3,17.4,False,0,False
7,38,740,42.5,17.4,False,0,False
5,41,241,13.8,17.4,False,0,False
1,21,495,28.4,17.4,False,0,False
2,23,571,32.8,17.4,False,0,False
8,33,1166,66.8,17.4,False,0,False
9,26,707,40.5,17.5,False,0,False
6,2,670,38.1,17.6,False,0,False
4,35,947,53.7,17.6,False,0,False
9,18,1219,69.0,17.7,False,0,False
1,25,1055,59.5,17.7,False,0,False
9,3,557,31.4,17.8,False,0,False
9,41,323,18.0,17.9,False,0,False
10,45,1270,70.7,18.0,False,0,False
1,19,549,30.5,18.0,False,0,False
2,6,1061,58.5,18.1,False,0,False
7,46,585,32.3,18.1,False,0,False
1,14,786,43.3,18.2,False,0,False
8,47,402,22.1,18.2,False,0,False
1,8,1012,55.7,18.2,False,0,False
6,46,693,38.1,18.2,False,0,False
3,5,323,17.7,18.2,False,0,False
9,8,1212,66.4,18.3,False,0,False
6,45,881,48.2,18.3,False,0,False
4,44,473,25.9,18.3,False,0,False
8,40,528,28.9,18.3,False,0,False
4,1,355,19.4,18.3,False,0,False
7,21,430,23.4,18.4,False,0,False
5,46,705,38.4,18.4,False,0,False
5,42,417,22.6,18.4,False,0,False
4,10,1113,60.4,18.4,False,0,False
2,3,709,38.5,18.4,False,0,False
1,45,1094,59.1,18.5,False,0,False
4,48,822,44.4,18.5,False,0,False
1,42,445,24.0,18.5,False,0,False
8,8,1351,72.4,18.7,False,0,False
3,32,829,44.4,18.7,False,0,False
4,32,718,38.3,18.7,False,0,False
7,5,195,10.4,18.8,False,0,False
4,31,1005,53.3,18.8,False,0,False
9,47,381,20.2,18.9,False,0,False
8,32,822,43.5,18.9,False,0,False
7,25,878,46.5,18.9,False,0,False
5,36,890,47.1,18.9,False,0,False
9,14,932,49.2,18.9,False,0,False
8,27,424,22.4,19.0,False,0,False
2,33,1304,68.6,19.0,False,0,False
9,20,794,41.7,19.0,False,0,False
6,48,575,30.2,19.0,False,0,False
4,20,770,40.4,19.0,False,0,False
7,47,232,12.2,19.0,False,0,False
4,17,493,25.9,19.1,False,0,False
1,23,432,22.6,19.1,False,0,False
6,29,775,40.4,19.2,False,0,False
9,28,1417,73.6,19.3,False,0,False
9,6,954,49.3,19.3,False,0,False
9,2,999,51.6,19.4,False,0,False
4,12,1204,62.2,19.4,False,0,False
1,3,497,25.5,19.5,False,0,False
6,15,1034,52.9,19.5,False,0,False
6,30,469,23.9,19.6,False,0,False
8,20,951,48.5,19.6,False,0,False
5,35,811,41.2,19.7,False,0,False
5,19,470,23.8,19.7,False,0,False
9,31,1016,51.4,19.8,False,0,False
4,29,1171,59.1,19.8,False,0,False
3,37,548,27.5,19.9,False,0,False
9,34,410,20.6,19.9,False,0,False
3,4,409,20.5,19.9,False,0,False
9,5,337,16.9,19.9,False,0,False
1,24,901,45.2,19.9,False,0,False
1,12,1015,50.8,20.0,False,0,False
7,40,329,16.3,20.2,False,0,False
6,43,625,30.8,20.3,False,0,False
10,2,1006,49.6,20.3,False,0,False
7,20,534,26.3,20.3,False,0,False
5,26,557,27.4,20.3,False,0,False
5,24,800,39.2,20.4,False,0,False
4,24,1121,54.9,20.4,False,0,False
5,33,812,39.7,20.4,False,0,False
4,41,401,19.6,20.5,False,0,False
4,2,983,47.9,20.5,False,0,False
10,18,1533,73.7,20.8,False,0,False
3,10,1281,61.5,20.8,False,0,False
8,11,1399,67.1,20.8,False,0,False
1,6,924,44.3,20.8,False,0,False
1,32,665,31.9,20.9,False,0,False
10,13,1552,74.2,20.9,False,0,False
6,47,297,14.1,21.1,False,0,True
10,7,1088,51.5,21.1,False,0,True
2,50,1352,64.0,21.1,False,0,True
4,28,1560,73.8,21.2,False,0,True
9,10,1332,62.2,21.4,False,0,True
3,1,421,19.6,21.4,False,0,True
7,42,431,20.0,21.5,False,0,True
5,2,762,35.2,21.7,False,0,True
8,36,1641,74.8,21.9,False,0,True
8,38,1684,76.6,22.0,False,0,True
3,43,964,43.7,22.1,False,0,True
